{
  "best_value": -7.216707540290266,
  "best_params": {
    "tau": 0.7936350297118406,
    "lr": 0.0004123206532618727,
    "wd": 0.026081583694317685,
    "dropout_p": 0.0,
    "grad_norm": 0.5,
    "init_temperature": 0.021370067001013647,
    "dt_mask": false,
    "vision_choice": "both"
  }
}